,PcynomolgiB,Pfalciparum3D7,PgaboniSY75,PknowlesiH,PmalariaeUG01,PovalecurtisiGH01,PreichenowiCDC,PvivaxSal1
OG0000049,,"PF3D7_0100100.1-p1, PF3D7_0100300.1-p1, PF3D7_0100500.1-p1, PF3D7_0101500.1-p1, PF3D7_0101700.1-p1, PF3D7_0115500.1-p1, PF3D7_0115700.1-p1, PF3D7_0200100.1-p1, PF3D7_0200300.1-p1, PF3D7_0200800.1-p1, PF3D7_0221900.1-p1, PF3D7_0222900.1-p1, PF3D7_0223300.1-p1, PF3D7_0223500.1-p1, PF3D7_0300100.1-p1, PF3D7_0300300.1-p1, PF3D7_0302300.1-p1, PF3D7_0323900.1-p1, PF3D7_0324700.1-p1, PF3D7_0324900.1-p1, PF3D7_0400100.1-p1, PF3D7_0400200.1-p1, PF3D7_0400400.1-p1, PF3D7_0402800.1-p1, PF3D7_0412400.1-p1, PF3D7_0412700.1-p1, PF3D7_0412900.1-p1, PF3D7_0413100.1-p1, PF3D7_0420700.1-p1, PF3D7_0420900.1-p1, PF3D7_0421100.1-p1, PF3D7_0421300.1-p1, PF3D7_0421600.1-p1, PF3D7_0425800.1-p1, PF3D7_0426000.1-p1, PF3D7_0500100.1-p1, PF3D7_0532700.1-p1, PF3D7_0533100.1-p1, PF3D7_0600100.1-p1, PF3D7_0600200.1-p1, PF3D7_0600400.1-p1, PF3D7_0600600.1-p1, PF3D7_0601400.1-p1, PF3D7_0617400.1-p1, PF3D7_0631200.1-p1, PF3D7_0632500.1-p1, PF3D7_0632800.1-p1, PF3D7_0700100.1-p1, PF3D7_0701000.1-p1, PF3D7_0711700.1-p1, PF3D7_0712000.1-p1, PF3D7_0712300.1-p1, PF3D7_0712400.1-p1, PF3D7_0712600.1-p1, PF3D7_0712800.1-p1, PF3D7_0712900.1-p1, PF3D7_0713300.1-p1, PF3D7_0732100.1-p1, PF3D7_0732800.1-p1, PF3D7_0733000.1-p1, PF3D7_0800100.1-p1, PF3D7_0800200.1-p1, PF3D7_0800300.1-p1, PF3D7_0808600.1-p1, PF3D7_0808700.1-p1, PF3D7_0809100.1-p1, PF3D7_0833300.1-p1, PF3D7_0833500.1-p1, PF3D7_0900100.1-p1, PF3D7_0900800.1-p1, PF3D7_0937600.1-p1, PF3D7_0937800.1-p1, PF3D7_1000100.1-p1, PF3D7_1000900.1-p1, PF3D7_1039400.1-p1, PF3D7_1041300.1-p1, PF3D7_1100100.1-p1, PF3D7_1100200.1-p1, PF3D7_1101000.1-p1, PF3D7_1150400.1-p1, PF3D7_1200100.1-p1, PF3D7_1200400.1-p1, PF3D7_1200600.1-p1, PF3D7_1219300.1-p1, PF3D7_1219400.1-p1, PF3D7_1219500.1-p1, PF3D7_1240300.1-p1, PF3D7_1240400.1-p1, PF3D7_1240600.1-p1, PF3D7_1240900.1-p1, PF3D7_1255200.1-p1, PF3D7_1300100.1-p1, PF3D7_1300300.1-p1, PF3D7_1300800.1-p1, PF3D7_1372900.1-p1, PF3D7_1373500.1-p1, PF3D7_1400100.1-p1, PF3D7_1401050.1-p1, PF3D7_1480100.1-p1","PGSY75_0045200-t31_1-p1, PGSY75_0046600.mRNA-p1",,,,"PRCDC_0000400.1-p1, PRCDC_0001600.1-p1, PRCDC_0001700.1-p1, PRCDC_0001800.1-p1, PRCDC_0002900.1-p1, PRCDC_0003300.1-p1, PRCDC_0003500.1-p1, PRCDC_0003900.1-p1, PRCDC_0004000.1-p1, PRCDC_0004100.1-p1, PRCDC_0004300.1-p1, PRCDC_0004500.1-p1, PRCDC_0006900.1-p1, PRCDC_0007300.1-p1, PRCDC_0007900.1-p1, PRCDC_0008200.1-p1, PRCDC_0010500.1-p1, PRCDC_0010800.1-p1, PRCDC_0011300.1-p1, PRCDC_0011600.1-p1, PRCDC_0012000.1-p1, PRCDC_0012200.1-p1, PRCDC_0012700.1-p1, PRCDC_0013000.1-p1, PRCDC_0013100.1-p1, PRCDC_0013200.1-p1, PRCDC_0014800.1-p1, PRCDC_0015400.1-p1, PRCDC_0016700.1-p1, PRCDC_0017700.1-p1, PRCDC_0019700.1-p1, PRCDC_0020000.1-p1, PRCDC_0020700.1-p1, PRCDC_0024500.1-p1, PRCDC_0026700.1-p1, PRCDC_0028700.1-p1, PRCDC_0031700.1-p1, PRCDC_0036100.1-p1, PRCDC_0036200.1-p1, PRCDC_0036300.1-p1, PRCDC_0036500.1-p1, PRCDC_0036700.1-p1, PRCDC_0036900.1-p1, PRCDC_0037300.1-p1, PRCDC_0037500.1-p1, PRCDC_0037600.1-p1, PRCDC_0037700.1-p1, PRCDC_0038700.1-p1, PRCDC_0039700.1-p1, PRCDC_0039900.1-p1, PRCDC_0040800.1-p1, PRCDC_0041200.1-p1, PRCDC_0041300.1-p1, PRCDC_0041400.1-p1, PRCDC_0041800.1-p1, PRCDC_0042900.1-p1, PRCDC_0043100.1-p1, PRCDC_0043300.1-p1, PRCDC_0045200.1-p1, PRCDC_0045500.1-p1, PRCDC_0048800.1-p1, PRCDC_0051800.1-p1, PRCDC_0052300.1-p1, PRCDC_0052400.1-p1, PRCDC_0053200.1-p1, PRCDC_0053400.1-p1, PRCDC_0054200.1-p1, PRCDC_0054300.1-p1, PRCDC_0054700.1-p1, PRCDC_0056800.1-p1, PRCDC_0058600.1-p1, PRCDC_0059800.1-p1, PRCDC_0060100.1-p1, PRCDC_0061000.1-p1, PRCDC_0061300.1-p1, PRCDC_0220200.1-p1, PRCDC_0301500.1-p1, PRCDC_0323200.1-p1, PRCDC_0400100.1-p1, PRCDC_0400300.1-p1, PRCDC_0400400.1-p1, PRCDC_0409800.1-p1, PRCDC_0410000.1-p1, PRCDC_0410300.1-p1, PRCDC_0410900.1-p1, PRCDC_0418200.1-p1, PRCDC_0418400.1-p1, PRCDC_0418500.1-p1, PRCDC_0418600.1-p1, PRCDC_0418700.1-p1, PRCDC_0418800.1-p1, PRCDC_0531700.1-p1, PRCDC_0532000.1-p1, PRCDC_0616100.1-p1, PRCDC_0700100.1-p1, PRCDC_0709900.1-p1, PRCDC_0710100.1-p1, PRCDC_0710400.1-p1, PRCDC_0710500.1-p1, PRCDC_0710600.1-p1, PRCDC_0728700.1-p1, PRCDC_0808200.1-p1, PRCDC_0808300.1-p1, PRCDC_0808400.1-p1, PRCDC_1000300.1-p1, PRCDC_1039000.1-p1, PRCDC_1100100.1-p1, PRCDC_1100500.1-p1, PRCDC_1218600.1-p1, PRCDC_1218700.1-p1, PRCDC_1218800.1-p1, PRCDC_1239500.1-p1, PRCDC_1239600.1-p1, PRCDC_1239700.1-p1, PRCDC_1239900.1-p1, PRCDC_1240000.1-p1, PRCDC_1240300.1-p1",
OG0000083,"PCYB_003530-t26_1-p1, PCYB_004100-t26_1-p1, PCYB_004350-t26_1-p1, PCYB_006010-t26_1-p1, PCYB_006020-t26_1-p1, PCYB_006320-t26_1-p1, PCYB_006950-t26_1-p1, PCYB_007190-t26_1-p1, PCYB_007550-t26_1-p1, PCYB_007890-t26_1-p1, PCYB_007980-t26_1-p1, PCYB_008190-t26_1-p1, PCYB_008300-t26_1-p1, PCYB_008310-t26_1-p1",,,,"PmUG01_00013150.1-p1, PmUG01_00025500.1-p1, PmUG01_00027750.1-p1, PmUG01_00030200.1-p1, PmUG01_00030500.1-p1, PmUG01_00030600.1-p1, PmUG01_00032100.1-p1, PmUG01_00033850.1-p1, PmUG01_00038400.1-p1, PmUG01_00058600.1-p1, PmUG01_00076200.1-p1, PmUG01_01033600.1-p1, PmUG01_04010500.1-p1, PmUG01_04010900.1-p1, PmUG01_05042800.1-p1, PmUG01_07050300.1-p1, PmUG01_08012900.1-p1, PmUG01_08015500.1-p1, PmUG01_09011350.1-p1, PmUG01_10051200.1-p1, PmUG01_13065900.1-p1, PmUG01_13066700.1-p1, PmUG01_14014850.1-p1","PocGH01_00013050.1-p1, PocGH01_00013700.1-p1, PocGH01_00018400.1-p1, PocGH01_00019500.1-p1, PocGH01_00027400.1-p1, PocGH01_00027700.1-p1, PocGH01_00027850.1-p1, PocGH01_00028300.1-p1, PocGH01_00028750.1-p1, PocGH01_00029100.1-p1, PocGH01_00031100.1-p1, PocGH01_00035000.1-p1, PocGH01_00037500.1-p1, PocGH01_00045300.1-p1, PocGH01_00047000.1-p1, PocGH01_00047300.1-p1, PocGH01_00049300.1-p1, PocGH01_00050130.1-p1, PocGH01_00050300.1-p1, PocGH01_00050600.1-p1, PocGH01_00051400.1-p1, PocGH01_00052900.1-p1, PocGH01_00053500.1-p1, PocGH01_00055400.1-p1, PocGH01_00058300.1-p1, PocGH01_00058800.1-p1, PocGH01_00060350.1-p1, PocGH01_00061400.1-p1, PocGH01_00064600.1-p1, PocGH01_00069900.1-p1, PocGH01_00074700.1-p1, PocGH01_00076900.1-p1, PocGH01_00080800.1-p1, PocGH01_00085400.1-p1, PocGH01_00086800.1-p1, PocGH01_00087800.1-p1, PocGH01_00089800.1-p1, PocGH01_00096100.1-p1, PocGH01_00100400.1-p1, PocGH01_00103200.1-p1, PocGH01_00104100.1-p1, PocGH01_00106200.1-p1, PocGH01_00107100.1-p1, PocGH01_00107700.1-p1, PocGH01_00109600.1-p1, PocGH01_00113800.1-p1, PocGH01_00114300.1-p1, PocGH01_00114900.1-p1, PocGH01_00120300.1-p1, PocGH01_00122750.1-p1, PocGH01_00124100.1-p1, PocGH01_00124500.1-p1, PocGH01_00124800.1-p1, PocGH01_00128900.1-p1, PocGH01_00130350.1-p1, PocGH01_00134900.1-p1, PocGH01_00135400.1-p1, PocGH01_00139300.1-p1, PocGH01_00145300.1-p1, PocGH01_00145400.1-p1, PocGH01_00145500.1-p1, PocGH01_00145800.1-p1, PocGH01_00147000.1-p1, PocGH01_00148200.1-p1, PocGH01_00149600.1-p1, PocGH01_00157900.1-p1, PocGH01_00158500.1-p1, PocGH01_00164550.1-p1, PocGH01_00169000.1-p1, PocGH01_00169400.1-p1, PocGH01_00170300.1-p1, PocGH01_00172100.1-p1, PocGH01_00172750.1-p1, PocGH01_00174700.1-p1, PocGH01_00175200.1-p1, PocGH01_00181100.1-p1, PocGH01_00181600.1-p1, PocGH01_00187600.1-p1, PocGH01_00188600.1-p1, PocGH01_00190200.1-p1, PocGH01_00191050.1-p1, PocGH01_00192450.1-p1, PocGH01_00192700.1-p1, PocGH01_00195400.1-p1, PocGH01_00197200.1-p1, PocGH01_00198700.1-p1, PocGH01_00200700.1-p1, PocGH01_00201300.1-p1, PocGH01_00202500.1-p1, PocGH01_00202900.1-p1, PocGH01_00204600.1-p1, PocGH01_00210100.1-p1, PocGH01_00214000.1-p1, PocGH01_00214700.1-p1, PocGH01_00216600.1-p1, PocGH01_00218800.1-p1, PocGH01_00220400.1-p1, PocGH01_00221300.1-p1, PocGH01_00222000.1-p1, PocGH01_00222800.1-p1, PocGH01_00223600.1-p1, PocGH01_00224200.1-p1, PocGH01_00224400.1-p1, PocGH01_00225500.1-p1, PocGH01_00227600.1-p1, PocGH01_00228200.1-p1, PocGH01_00233400.1-p1, PocGH01_00233800.1-p1, PocGH01_00234700.1-p1, PocGH01_00235400.1-p1, PocGH01_00236800.1-p1, PocGH01_00238400.1-p1",,"PVX_036190-t26_1-p1, PVX_096938.1-p1, PVX_109790-t26_1-p1, PVX_119205.1-p1"
OG0000137,"PCYB_002040-t26_1-p1, PCYB_002710-t26_1-p1, PCYB_002720-t26_1-p1, PCYB_002930-t26_1-p1, PCYB_003000-t26_1-p1, PCYB_003020-t26_1-p1, PCYB_003420-t26_1-p1, PCYB_003440-t26_1-p1, PCYB_003480-t26_1-p1, PCYB_003560-t26_1-p1, PCYB_003600-t26_1-p1, PCYB_003610-t26_1-p1, PCYB_003640-t26_1-p1, PCYB_003660-t26_1-p1, PCYB_003800-t26_1-p1, PCYB_003810-t26_1-p1, PCYB_003830-t26_1-p1, PCYB_003870-t26_1-p1, PCYB_003880-t26_1-p1, PCYB_003890-t26_1-p1, PCYB_003960-t26_1-p1, PCYB_003980-t26_1-p1, PCYB_004000-t26_1-p1, PCYB_004010-t26_1-p1, PCYB_004050-t26_1-p1, PCYB_004210-t26_1-p1, PCYB_004290-t26_1-p1, PCYB_004320-t26_1-p1, PCYB_004500-t26_1-p1, PCYB_004560-t26_1-p1, PCYB_004820-t26_1-p1, PCYB_004830-t26_1-p1, PCYB_004880-t26_1-p1, PCYB_005120-t26_1-p1, PCYB_005160-t26_1-p1, PCYB_005190-t26_1-p1, PCYB_005210-t26_1-p1, PCYB_005390-t26_1-p1, PCYB_005470-t26_1-p1, PCYB_005500-t26_1-p1, PCYB_005600-t26_1-p1, PCYB_005630-t26_1-p1, PCYB_005740-t26_1-p1, PCYB_005750-t26_1-p1, PCYB_005790-t26_1-p1, PCYB_005810-t26_1-p1, PCYB_006140-t26_1-p1, PCYB_006150-t26_1-p1, PCYB_006170-t26_1-p1, PCYB_006210-t26_1-p1, PCYB_006230-t26_1-p1, PCYB_006260-t26_1-p1, PCYB_006330-t26_1-p1, PCYB_006340-t26_1-p1, PCYB_006360-t26_1-p1, PCYB_006410-t26_1-p1, PCYB_006480-t26_1-p1, PCYB_006610-t26_1-p1, PCYB_006660-t26_1-p1, PCYB_006720-t26_1-p1, PCYB_006730-t26_1-p1, PCYB_006780-t26_1-p1, PCYB_006830-t26_1-p1, PCYB_007010-t26_1-p1, PCYB_007060-t26_1-p1, PCYB_007160-t26_1-p1, PCYB_007240-t26_1-p1, PCYB_007280-t26_1-p1, PCYB_007370-t26_1-p1, PCYB_007390-t26_1-p1, PCYB_007430-t26_1-p1, PCYB_007440-t26_1-p1, PCYB_007470-t26_1-p1, PCYB_007500-t26_1-p1, PCYB_007510-t26_1-p1, PCYB_007610-t26_1-p1, PCYB_007620-t26_1-p1, PCYB_007660-t26_1-p1, PCYB_007680-t26_1-p1, PCYB_007720-t26_1-p1, PCYB_007740-t26_1-p1, PCYB_007750-t26_1-p1, PCYB_007760-t26_1-p1, PCYB_007810-t26_1-p1, PCYB_007820-t26_1-p1, PCYB_007830-t26_1-p1, PCYB_008070-t26_1-p1, PCYB_008270-t26_1-p1",,,,,"PocGH01_00081450.1-p1, PocGH01_00083600.1-p1, PocGH01_00084150.1-p1, PocGH01_00084700.1-p1, PocGH01_00085600.1-p1, PocGH01_00153700.1-p1, PocGH01_00153900.1-p1, PocGH01_00154000.1-p1, PocGH01_00154400.1-p1, PocGH01_00154600.1-p1, PocGH01_00164100.1-p1, PocGH01_00166100.1-p1, PocGH01_00173600.1-p1, PocGH01_00212550.1-p1, PocGH01_00212650.1-p1, PocGH01_00213000.1-p1, PocGH01_00213200.1-p1, PocGH01_00226600.1-p1, PocGH01_00226700.1-p1, PocGH01_00226800.1-p1, PocGH01_00226900.1-p1, PocGH01_00227100.1-p1",,"PVX_120840-t26_1-p1, PVX_129260-t26_1-p1, PVX_130260-t26_1-p1, PVX_176270-t26_1-p1"
OG0000161,,"PF3D7_0101800.1-p1, PF3D7_0102100.1-p1, PF3D7_0115400.1-p1, PF3D7_0200400.1-p1, PF3D7_0200900.1-p1, PF3D7_0201300.1-p1, PF3D7_0221400.1-p1, PF3D7_0222800.1-p1, PF3D7_0300400.1-p1, PF3D7_0300900.1-p1, PF3D7_0324600.1-p1, PF3D7_0400800.1-p1, PF3D7_0401500.1-p1, PF3D7_0402600.1-p1, PF3D7_0425500.1-p1, PF3D7_0500600.1-p1, PF3D7_0532800.1-p1, PF3D7_0617600.1-p1, PF3D7_0631900.1-p1, PF3D7_0700400.1-p1, PF3D7_0700700.1-p1, PF3D7_0732000.1-p1, PF3D7_0832000.1-p1, PF3D7_0832400.1-p1, PF3D7_0832600.1-p1, PF3D7_0832900.1-p1, PF3D7_0900900.1-p1, PF3D7_0901600.1-p1, PF3D7_1000800.1-p1, PF3D7_1040200.1-p1, PF3D7_1100700.1-p1, PF3D7_1149900.1-p1, PF3D7_1254100.1-p1, PF3D7_1254300.1-p1, PF3D7_1254600.1-p1, PF3D7_1300900.1-p1, PF3D7_1372500.1-p1, PF3D7_1372800.1-p1, PF3D7_1400700.1-p1, PF3D7_1479500.1-p1, PF3D7_1479900.1-p1","PGSY75_0036300-t31_1-p1, PGSY75_0036400-t31_1-p1, PGSY75_0036500-t31_1-p1",,,,"PRCDC_0002200.1-p1, PRCDC_0002700.1-p1, PRCDC_0004200.1-p1, PRCDC_0004600.1-p1, PRCDC_0005700.1-p1, PRCDC_0007500.1-p1, PRCDC_0008600.1-p1, PRCDC_0009200.1-p1, PRCDC_0010200.1-p1, PRCDC_0011700.1-p1, PRCDC_0013700.1-p1, PRCDC_0015600.1-p1, PRCDC_0017000.1-p1, PRCDC_0019300.1-p1, PRCDC_0019800.1-p1, PRCDC_0022000.1-p1, PRCDC_0022400.1-p1, PRCDC_0023900.1-p1, PRCDC_0024200.1-p1, PRCDC_0026200.1-p1, PRCDC_0029600.1-p1, PRCDC_0030300.1-p1, PRCDC_0031300.1-p1, PRCDC_0033800.1-p1, PRCDC_0034000.1-p1, PRCDC_0034300.1-p1, PRCDC_0034700.1-p1, PRCDC_0035200.1-p1, PRCDC_0038000.1-p1, PRCDC_0039000.1-p1, PRCDC_0041000.1-p1, PRCDC_0043600.1-p1, PRCDC_0044100.1-p1, PRCDC_0044700.1-p1, PRCDC_0045000.1-p1, PRCDC_0046300.1-p1, PRCDC_0047000.1-p1, PRCDC_0047300.1-p1, PRCDC_0047800.1-p1, PRCDC_0048300.1-p1, PRCDC_0049000.1-p1, PRCDC_0053600.1-p1, PRCDC_0053800.1-p1, PRCDC_0054900.1-p1, PRCDC_0055300.1-p1, PRCDC_0055400.1-p1, PRCDC_0056700.1-p1, PRCDC_0056900.1-p1, PRCDC_0060300.1-p1, PRCDC_0060400.1-p1, PRCDC_0112800.1-p1, PRCDC_0200400.1-p1, PRCDC_0300100.1-p1, PRCDC_0301600.1-p1, PRCDC_0410700.1-p1, PRCDC_0531800.1-p1, PRCDC_0729000.1-p1, PRCDC_0729500.1-p1, PRCDC_0729900.1-p1, PRCDC_1000100.1-p1, PRCDC_1038700.1-p1, PRCDC_1100400.1-p1, PRCDC_1400300.1-p1",
OG0000345,"PCYB_001890-t26_1-p1, PCYB_002190-t26_1-p1, PCYB_004480-t26_1-p1, PCYB_007140-t26_1-p1, PCYB_021030-t26_1-p1, PCYB_111020-t26_1-p1",,,,,"PocGH01_00021800.1-p1, PocGH01_00022100.1-p1, PocGH01_00022950.1-p1, PocGH01_00027500.1-p1, PocGH01_00033800.1-p1, PocGH01_00033900.1-p1, PocGH01_00034000.1-p1, PocGH01_00034100.1-p1, PocGH01_00040900.1-p1, PocGH01_00049100.1-p1, PocGH01_00053700.1-p1, PocGH01_00053800.1-p1, PocGH01_00055900.1-p1, PocGH01_00059000.1-p1, PocGH01_00059100.1-p1, PocGH01_00065800.1-p1, PocGH01_00069100.1-p1, PocGH01_00069800.1-p1, PocGH01_00074900.1-p1, PocGH01_00086900.1-p1, PocGH01_00091400.1-p1, PocGH01_00092000.1-p1, PocGH01_00094000.1-p1, PocGH01_00107000.1-p1, PocGH01_00108200.1-p1, PocGH01_00110600.1-p1, PocGH01_00111400.1-p1, PocGH01_00125900.1-p1, PocGH01_00126600.1-p1, PocGH01_00128300.1-p1, PocGH01_00133200.1-p1, PocGH01_00138950.1-p1, PocGH01_00146500.1-p1, PocGH01_00148100.1-p1, PocGH01_00152700.1-p1, PocGH01_00155700.1-p1, PocGH01_00157300.1-p1, PocGH01_00158800.1-p1, PocGH01_00160500.1-p1, PocGH01_00164250.1-p1, PocGH01_00165900.1-p1, PocGH01_00169300.1-p1, PocGH01_00172000.1-p1, PocGH01_00172300.1-p1, PocGH01_00177100.1-p1, PocGH01_00177800.1-p1, PocGH01_00181000.1-p1, PocGH01_00181500.1-p1, PocGH01_00187200.1-p1, PocGH01_00190100.1-p1, PocGH01_00192300.1-p1, PocGH01_00192400.1-p1, PocGH01_00198600.1-p1, PocGH01_00200500.1-p1, PocGH01_00203100.1-p1, PocGH01_00206000.1-p1, PocGH01_00206100.1-p1, PocGH01_00207200.1-p1, PocGH01_00210700.1-p1, PocGH01_00216800.1-p1, PocGH01_00222300.1-p1, PocGH01_00228300.1-p1, PocGH01_00230000.1-p1, PocGH01_00230200.1-p1, PocGH01_00235000.1-p1",,
OG0000389,"PCYB_001080-t26_1-p1, PCYB_003470-t26_1-p1, PCYB_003510-t26_1-p1, PCYB_004170-t26_1-p1, PCYB_081030-t26_1-p1, PCYB_121010-t26_1-p1",,,,,"PocGH01_00022800.1-p1, PocGH01_00030500.1-p1, PocGH01_00036500.1-p1, PocGH01_00125400.1-p1, PocGH01_00179500.1-p1",,"PVX_001615.1-p1, PVX_001625.1-p1, PVX_001640.1-p1, PVX_004495.1-p1, PVX_004530.1-p1, PVX_005045.1-p1, PVX_005057.1-p1, PVX_005060.1-p1, PVX_010105-t26_1-p1, PVX_013620-t26_1-p1, PVX_015635-t26_1-p1, PVX_017140-t26_1-p1, PVX_020170-t26_1-p1, PVX_020680-t26_1-p1, PVX_022685-t26_1-p1, PVX_023185-t26_1-p1, PVX_024685-t26_1-p1, PVX_027190-t26_1-p1, PVX_034690-t26_1-p1, PVX_036690-t26_1-p1, PVX_037690-t26_1-p1, PVX_038190-t26_1-p1, PVX_041690-t26_1-p1, PVX_042190-t26_1-p1, PVX_049690-t26_1-p1, PVX_054190-t26_1-p1, PVX_061690-t26_1-p1, PVX_063190-t26_1-p1, PVX_065690-t26_1-p1, PVX_073690-t26_1-p1, PVX_074190-t26_1-p1, PVX_074690-t26_1-p1, PVX_075695-t26_1-p1, PVX_076195-t26_1-p1, PVX_077695-t26_1-p1, PVX_078195-t26_1-p1, PVX_083590.1-p1, PVX_090305.1-p1, PVX_090315.1-p1, PVX_090335.1-p1, PVX_094245.1-p1, PVX_096001.1-p1, PVX_097525.1-p1, PVX_101620.1-p1, PVX_101630.1-p1, PVX_102640-t26_1-p1, PVX_103155.1-p1, PVX_106220.1-p1, PVX_107235-t26_1-p1, PVX_112630-t26_1-p1, PVX_115985-t26_1-p1, PVX_120340-t26_1-p1, PVX_120845-t26_1-p1, PVX_124705.1-p1, PVX_183280-t26_1-p1"
OG0000408,"PCYB_002150-t26_1-p1, PCYB_002360-t26_1-p1, PCYB_003850-t26_1-p1, PCYB_004720-t26_1-p1, PCYB_005180-t26_1-p1, PCYB_033080-t26_1-p1",,,,,"PocGH01_00010550.1-p1, PocGH01_00025300.1-p1, PocGH01_00026100.1-p1, PocGH01_00028900.1-p1, PocGH01_00032500.1-p1, PocGH01_00038000.1-p1, PocGH01_00041400.1-p1, PocGH01_00043600.1-p1, PocGH01_00049700.1-p1, PocGH01_00051000.1-p1, PocGH01_00051200.1-p1, PocGH01_00063000.1-p1, PocGH01_00073500.1-p1, PocGH01_00073750.1-p1, PocGH01_00082300.1-p1, PocGH01_00082400.1-p1, PocGH01_00086500.1-p1, PocGH01_00096300.1-p1, PocGH01_00096400.1-p1, PocGH01_00107800.1-p1, PocGH01_00115400.1-p1, PocGH01_00124400.1-p1, PocGH01_00131000.1-p1, PocGH01_00134200.1-p1, PocGH01_00134400.1-p1, PocGH01_00138100.1-p1, PocGH01_00138200.1-p1, PocGH01_00138400.1-p1, PocGH01_00138900.1-p1, PocGH01_00141200.1-p1, PocGH01_00141300.1-p1, PocGH01_00141500.1-p1, PocGH01_00141800.1-p1, PocGH01_00141900.1-p1, PocGH01_00142200.1-p1, PocGH01_00142300.1-p1, PocGH01_00142500.1-p1, PocGH01_00144500.1-p1, PocGH01_00144700.1-p1, PocGH01_00144900.1-p1, PocGH01_00145000.1-p1, PocGH01_00145100.1-p1, PocGH01_00149100.1-p1, PocGH01_00162100.1-p1, PocGH01_00173200.1-p1, PocGH01_00180500.1-p1, PocGH01_00189800.1-p1, PocGH01_00194600.1-p1, PocGH01_00196300.1-p1, PocGH01_00201700.1-p1, PocGH01_00204900.1-p1, PocGH01_00209400.1-p1, PocGH01_00220500.1-p1, PocGH01_00223300.1-p1, PocGH01_00224900.1-p1, PocGH01_00237300.1-p1, PocGH01_00237600.1-p1",,PVX_093725.1-p1
OG0000512,,,,,,"PocGH01_00034500.1-p1, PocGH01_00034600.1-p1, PocGH01_00035300.1-p1, PocGH01_00037200.1-p1, PocGH01_00054000.1-p1, PocGH01_00055600.1-p1, PocGH01_00060100.1-p1, PocGH01_00065200.1-p1, PocGH01_00067100.1-p1, PocGH01_00070900.1-p1, PocGH01_00071600.1-p1, PocGH01_00075900.1-p1, PocGH01_00076300.1-p1, PocGH01_00080900.1-p1, PocGH01_00082200.1-p1, PocGH01_00082900.1-p1, PocGH01_00086000.1-p1, PocGH01_00087200.1-p1, PocGH01_00088400.1-p1, PocGH01_00089000.1-p1, PocGH01_00089300.1-p1, PocGH01_00090400.1-p1, PocGH01_00091600.1-p1, PocGH01_00094900.1-p1, PocGH01_00098200.1-p1, PocGH01_00099700.1-p1, PocGH01_00111150.1-p1, PocGH01_00117800.1-p1, PocGH01_00119200.1-p1, PocGH01_00119900.1-p1, PocGH01_00130400.1-p1, PocGH01_00136800.1-p1, PocGH01_00137800.1-p1, PocGH01_00140600.1-p1, PocGH01_00143450.1-p1, PocGH01_00144000.1-p1, PocGH01_00146100.1-p1, PocGH01_00147100.1-p1, PocGH01_00148400.1-p1, PocGH01_00156100.1-p1, PocGH01_00162600.1-p1, PocGH01_00165600.1-p1, PocGH01_00169600.1-p1, PocGH01_00170400.1-p1, PocGH01_00178300.1-p1, PocGH01_00179700.1-p1, PocGH01_00181250.1-p1, PocGH01_00189500.1-p1, PocGH01_00195300.1-p1, PocGH01_00196800.1-p1, PocGH01_00199300.1-p1, PocGH01_00202300.1-p1, PocGH01_00203700.1-p1, PocGH01_00209100.1-p1, PocGH01_00209800.1-p1, PocGH01_00233000.1-p1",,
OG0000760,,,,,"PmUG01_00016700.1-p1, PmUG01_00016800.1-p1, PmUG01_00028350.1-p1, PmUG01_00029100.1-p1, PmUG01_00039600.1-p1, PmUG01_00039700.1-p1, PmUG01_00041900.1-p1, PmUG01_00044600.1-p1, PmUG01_00046600.1-p1, PmUG01_00046700.1-p1, PmUG01_00055500.1-p1, PmUG01_00055600.1-p1, PmUG01_00056600.1-p1, PmUG01_00056700.1-p1, PmUG01_01010800.1-p1, PmUG01_01032500.1-p1, PmUG01_01034100.1-p1, PmUG01_03032400.1-p1, PmUG01_04012100.1-p1, PmUG01_04012300.1-p1, PmUG01_05015000.1-p1, PmUG01_05041950.1-p1, PmUG01_07049500.1-p1, PmUG01_07049600.1-p1, PmUG01_08010700.1-p1, PmUG01_08014050.1-p1, PmUG01_08017000.1-p1, PmUG01_08056700.1-p1, PmUG01_08056800.1-p1, PmUG01_08059900.1-p1, PmUG01_08063100.1-p1, PmUG01_08063200.1-p1, PmUG01_10049600.1-p1, PmUG01_10049900.1-p1, PmUG01_10050600.1-p1, PmUG01_10051700.1-p1, PmUG01_10054500.1-p1, PmUG01_10054600.1-p1, PmUG01_11011700.1-p1, PmUG01_11013750.1-p1, PmUG01_11014200.1-p1, PmUG01_11014300.1-p1, PmUG01_11015100.1-p1, PmUG01_13057150.1-p1, PmUG01_13063300.1-p1, PmUG01_13067800.1-p1, PmUG01_14011300.1-p1",PocGH01_00231000.1-p1,,
OG0001907,PCYB_002560-t26_1-p1,,,,,"PocGH01_00033300.1-p1, PocGH01_00038700.1-p1, PocGH01_00041500.1-p1, PocGH01_00048800.1-p1, PocGH01_00058600.1-p1, PocGH01_00064200.1-p1, PocGH01_00065600.1-p1, PocGH01_00069500.1-p1, PocGH01_00071400.1-p1, PocGH01_00071700.1-p1, PocGH01_00073700.1-p1, PocGH01_00090900.1-p1, PocGH01_00094650.1-p1, PocGH01_00095400.1-p1, PocGH01_00106600.1-p1, PocGH01_00116400.1-p1, PocGH01_00116900.1-p1, PocGH01_00123000.1-p1, PocGH01_00123300.1-p1, PocGH01_00140100.1-p1, PocGH01_00155500.1-p1, PocGH01_00158400.1-p1, PocGH01_00162900.1-p1, PocGH01_00163050.1-p1, PocGH01_00169900.1-p1, PocGH01_00171600.1-p1, PocGH01_00187000.1-p1, PocGH01_00190800.1-p1, PocGH01_00191500.1-p1, PocGH01_00197400.1-p1, PocGH01_00197700.1-p1, PocGH01_00200900.1-p1, PocGH01_00204500.1-p1, PocGH01_00210500.1-p1, PocGH01_00214800.1-p1, PocGH01_00217100.1-p1, PocGH01_00223200.1-p1",,PVX_088798.1-p1
OG0001908,,"PF3D7_0102000.1-p1, PF3D7_0201100.1-p1, PF3D7_0300600.1-p1, PF3D7_0401100.1-p1, PF3D7_0601700.1-p1, PF3D7_0700600.1-p1, PF3D7_0732600.1-p1, PF3D7_0832200.1-p1, PF3D7_0832200.2-p1, PF3D7_0832700.1-p1, PF3D7_0901200.1-p1, PF3D7_1000700.1-p1, PF3D7_1100600.1-p1, PF3D7_1149700.1-p1, PF3D7_1253900.1-p1, PF3D7_1254900.1-p1, PF3D7_1301100.1-p1, PF3D7_1373200.1-p1, PF3D7_1400900.1-p1, PF3D7_1478500.1-p1, PF3D7_1479300.1-p1","PGSY75_0031500-t31_1-p1, PGSY75_0031700-t31_1-p1, PGSY75_0032800.mRNA-p1, PGSY75_0033400.mRNA-p1, PGSY75_0033800-t31_1-p1, PGSY75_1102150-t31_1-p1",,,,"PRCDC_0022800.1-p1, PRCDC_0025900.1-p1, PRCDC_0030900.1-p1, PRCDC_0033200.1-p1, PRCDC_0040600.1-p1, PRCDC_0054500.1-p1, PRCDC_0056500.1-p1, PRCDC_0113000.1-p1, PRCDC_0532200.1-p1, PRCDC_0600300.1-p1, PRCDC_1147600.1-p1, PRCDC_1477500.1-p1",
OG0002126,PCYB_081020-t26_1-p1,,,,,"PocGH01_00038600.1-p1, PocGH01_00041600.1-p1, PocGH01_00048400.1-p1, PocGH01_00061700.1-p1, PocGH01_00063500.1-p1, PocGH01_00065500.1-p1, PocGH01_00069150.1-p1, PocGH01_00071500.1-p1, PocGH01_00093900.1-p1, PocGH01_00098100.1-p1, PocGH01_00100100.1-p1, PocGH01_00100700.1-p1, PocGH01_00105000.1-p1, PocGH01_00110550.1-p1, PocGH01_00133900.1-p1, PocGH01_00137200.1-p1, PocGH01_00144300.1-p1, PocGH01_00149700.1-p1, PocGH01_00155300.1-p1, PocGH01_00162700.1-p1, PocGH01_00165500.1-p1, PocGH01_00176800.1-p1, PocGH01_00179600.1-p1, PocGH01_00182100.1-p1, PocGH01_00185500.1-p1, PocGH01_00186900.1-p1, PocGH01_00189400.1-p1, PocGH01_00191400.1-p1, PocGH01_00197500.1-p1, PocGH01_00199800.1-p1, PocGH01_00208800.1-p1, PocGH01_00216300.1-p1, PocGH01_00223100.1-p1",,"PVX_043690-t26_1-p1, PVX_055690-t26_1-p1, PVX_094243.1-p1"
OG0002487,"PCYB_001210-t26_1-p1, PCYB_001390-t26_1-p1, PCYB_001610-t26_1-p1, PCYB_001620-t26_1-p1, PCYB_001650-t26_1-p1, PCYB_001770-t26_1-p1, PCYB_002660-t26_1-p1, PCYB_002690-t26_1-p1, PCYB_002910-t26_1-p1, PCYB_002980-t26_1-p1, PCYB_003460-t26_1-p1, PCYB_003670-t26_1-p1, PCYB_004300-t26_1-p1, PCYB_004310-t26_1-p1, PCYB_004360-t26_1-p1, PCYB_004410-t26_1-p1, PCYB_004740-t26_1-p1, PCYB_005030-t26_1-p1, PCYB_005710-t26_1-p1, PCYB_005720-t26_1-p1, PCYB_005870-t26_1-p1, PCYB_006080-t26_1-p1, PCYB_006110-t26_1-p1, PCYB_006620-t26_1-p1, PCYB_006630-t26_1-p1, PCYB_006840-t26_1-p1, PCYB_007270-t26_1-p1, PCYB_008000-t26_1-p1, PCYB_033040-t26_1-p1, PCYB_053820-t26_1-p1, PCYB_053860-t26_1-p1, PCYB_061010-t26_1-p1, PCYB_104200-t26_1-p1",,,,,PocGH01_00208100.1-p1,,
OG0002680,"PCYB_002000-t26_1-p1, PCYB_007080-t26_1-p1",,,,,,,"PVX_007080-t26_1-p1, PVX_007585-t26_1-p1, PVX_012115-t26_1-p1, PVX_014630-t26_1-p1, PVX_018655-t26_1-p1, PVX_024185-t26_1-p1, PVX_026690-t26_1-p1, PVX_028690-t26_1-p1, PVX_029690-t26_1-p1, PVX_030690-t26_1-p1, PVX_031190-t26_1-p1, PVX_032190-t26_1-p1, PVX_033690-t26_1-p1, PVX_035190-t26_1-p1, PVX_039190-t26_1-p1, PVX_040190-t26_1-p1, PVX_047190-t26_1-p1, PVX_050690-t26_1-p1, PVX_056190-t26_1-p1, PVX_059190-t26_1-p1, PVX_063690-t26_1-p1, PVX_071190-t26_1-p1, PVX_073190-t26_1-p1, PVX_079195-t26_1-p1, PVX_102130-t26_1-p1, PVX_103670-t26_1-p1, PVX_104695-t26_1-p1, PVX_106210.1-p1, PVX_108255-t26_1-p1, PVX_121345-t26_1-p1"
OG0002943,"PCYB_001630-t26_1-p1, PCYB_001830-t26_1-p1",,,,,,,"PVX_004503.1-p1, PVX_006080-t26_1-p1, PVX_010100-t26_1-p1, PVX_011110-t26_1-p1, PVX_013120-t26_1-p1, PVX_015130-t26_1-p1, PVX_016640-t26_1-p1, PVX_017145-t26_1-p1, PVX_017650-t26_1-p1, PVX_018150-t26_1-p1, PVX_019165-t26_1-p1, PVX_020675-t26_1-p1, PVX_021180-t26_1-p1, PVX_035690-t26_1-p1, PVX_062690-t26_1-p1, PVX_065190-t26_1-p1, PVX_066190-t26_1-p1, PVX_068190-t26_1-p1, PVX_068690-t26_1-p1, PVX_083585.1-p1, PVX_101617.1-p1, PVX_101625.1-p1, PVX_103150.1-p1, PVX_104700-t26_1-p1, PVX_106215.1-p1, PVX_120335-t26_1-p1, PVX_241295-t26_1-p1"
OG0003094,"PCYB_004030-t26_1-p1, PCYB_004330-t26_1-p1, PCYB_031020-t26_1-p1, PCYB_051040-t26_1-p1, PCYB_053810-t26_1-p1",,,,,,,"PVX_001635.1-p1, PVX_002480.1-p1, PVX_003490.1-p1, PVX_003505.1-p1, PVX_005050.1-p1, PVX_081850.1-p1, PVX_083580.1-p1, PVX_086880.1-p1, PVX_086890.1-p1, PVX_086893.1-p1, PVX_088790.1-p1, PVX_088805.1-p1, PVX_090290.1-p1, PVX_090295.1-p1, PVX_096910.1-p1, PVX_097540.1-p1, PVX_097542.1-p1, PVX_107755-t26_1-p1, PVX_110300.1-p1, PVX_115480.1-p1, PVX_119210.1-p1, PVX_124715.1-p1"
OG0003173,PCYB_095340-t26_1-p1,,,,"PmUG01_00010250.1-p1, PmUG01_00015150.1-p1, PmUG01_00017050.1-p1, PmUG01_00039450.1-p1, PmUG01_00052500.1-p1, PmUG01_00052850.1-p1, PmUG01_00053700.1-p1, PmUG01_00055300.1-p1, PmUG01_00067300.1-p1, PmUG01_00069200.1-p1, PmUG01_01011300.1-p1, PmUG01_01033100.1-p1, PmUG01_01034900.1-p1, PmUG01_03035550.1-p1, PmUG01_04031000.1-p1, PmUG01_05010600.1-p1, PmUG01_08058550.1-p1, PmUG01_09057100.1-p1, PmUG01_10053200.1-p1, PmUG01_11013100.1-p1","PocGH01_00123500.1-p1, PocGH01_00143100.1-p1, PocGH01_00143200.1-p1, PocGH01_00168400.1-p1",,PVX_092995.1-p1
OG0003250,,PF3D7_1302100.1-p1,PGSY75_1302100-t31_1-p1,,"PmUG01_14016500.1-p1, PmUG01_14016600.1-p1, PmUG01_14016700.1-p1, PmUG01_14016800.1-p1, PmUG01_14016900.1-p1, PmUG01_14017000.1-p1, PmUG01_14017100.1-p1, PmUG01_14017200.1-p1, PmUG01_14017300.1-p1, PmUG01_14017400.1-p1, PmUG01_14017500.1-p1, PmUG01_14017600.1-p1, PmUG01_14017700.1-p1, PmUG01_14017800.1-p1, PmUG01_14017900.1-p1, PmUG01_14018000.1-p1, PmUG01_14018100.1-p1, PmUG01_14018200.1-p1, PmUG01_14018300.1-p1, PmUG01_14018400.1-p1, PmUG01_14018500.1-p1, PmUG01_14018600.1-p1",,PRCDC_1301100.1-p1,
OG0003343,"PCYB_005170-t26_1-p1, PCYB_005910-t26_1-p1, PCYB_007670-t26_1-p1, PCYB_007780-t26_1-p1, PCYB_007870-t26_1-p1, PCYB_007910-t26_1-p1",,,,,"PocGH01_00043200.1-p1, PocGH01_00050150.1-p1, PocGH01_00087400.1-p1, PocGH01_00122900.1-p1, PocGH01_00125700.1-p1, PocGH01_00146200.1-p1, PocGH01_00163250.1-p1, PocGH01_00163400.1-p1, PocGH01_00166250.1-p1, PocGH01_00173000.1-p1, PocGH01_00179750.1-p1, PocGH01_00181900.1-p1, PocGH01_00184350.1-p1, PocGH01_00186000.1-p1, PocGH01_00187400.1-p1, PocGH01_00217700.1-p1",,"PVX_048190-t26_1-p1, PVX_177275-t26_1-p1"
OG0003431,,,,,,"PocGH01_00011700.1-p1, PocGH01_00011800.1-p1, PocGH01_00014800.1-p1, PocGH01_00019700.1-p1, PocGH01_00020200.1-p1, PocGH01_00023200.1-p1, PocGH01_00023300.1-p1, PocGH01_00023400.1-p1, PocGH01_00023500.1-p1, PocGH01_00024800.1-p1, PocGH01_00070300.1-p1, PocGH01_00071800.1-p1, PocGH01_00098800.1-p1, PocGH01_00136500.1-p1, PocGH01_00172600.1-p1, PocGH01_00182800.1-p1, PocGH01_00188500.1-p1, PocGH01_00197800.1-p1, PocGH01_00201000.1-p1, PocGH01_00207500.1-p1, PocGH01_00211200.1-p1, PocGH01_00234300.1-p1",,PVX_095997.1-p1
OG0003512,"PCYB_002880-t26_1-p1, PCYB_005020-t26_1-p1",,,,,"PocGH01_00010500.1-p1, PocGH01_00013500.1-p1, PocGH01_00013600.1-p1, PocGH01_00014300.1-p1, PocGH01_00048000.1-p1, PocGH01_00064400.1-p1, PocGH01_00084100.1-p1, PocGH01_00084800.1-p1, PocGH01_00153800.1-p1, PocGH01_00154500.1-p1, PocGH01_00213100.1-p1, PocGH01_00213400.1-p1",,"PVX_020175-t26_1-p1, PVX_049190-t26_1-p1, PVX_096001a.1-p1, PVX_104690-t26_1-p1, PVX_105200.1-p1, PVX_108260-t26_1-p1, PVX_112120-t26_1-p1, PVX_112715-t26_1-p1"
OG0003866,PCYB_004780-t26_1-p1,,,,,"PocGH01_00011900.1-p1, PocGH01_00015300.1-p1, PocGH01_00035700.1-p1, PocGH01_00047200.1-p1, PocGH01_00047400.1-p1, PocGH01_00051700.1-p1, PocGH01_00056800.1-p1, PocGH01_00057000.1-p1, PocGH01_00063200.1-p1, PocGH01_00077300.1-p1, PocGH01_00094600.1-p1, PocGH01_00106400.1-p1, PocGH01_00116200.1-p1, PocGH01_00163700.1-p1, PocGH01_00167900.1-p1, PocGH01_00219900.1-p1, PocGH01_00228800.1-p1",,PVX_112100-t26_1-p1
OG0003867,,"PF3D7_0101300.1-p1, PF3D7_0114100.1-p1, PF3D7_0221500.1-p1, PF3D7_0222100.1-p1, PF3D7_0324100.1-p1, PF3D7_0601200.1-p1, PF3D7_0631400.1-p1, PF3D7_0700800.1-p1, PF3D7_0701600.1-p1, PF3D7_0713100.1-p1, PF3D7_1039700.1-p1, PF3D7_1100800.1-p1, PF3D7_1101700.1-p1",PGSY75_0114100.mRNA-p1,,,,"PRCDC_0008300.1-p1, PRCDC_0045300.1-p1, PRCDC_0112300.1-p1, PRCDC_0323400.1-p1, PRCDC_0728900.1-p1",
OG0003868,,,,,,"PocGH01_00031900.1-p1, PocGH01_00039600.1-p1, PocGH01_00040800.1-p1, PocGH01_00052500.1-p1, PocGH01_00056000.1-p1, PocGH01_00057800.1-p1, PocGH01_00059200.1-p1, PocGH01_00065900.1-p1, PocGH01_00091300.1-p1, PocGH01_00091900.1-p1, PocGH01_00138300.1-p1, PocGH01_00141400.1-p1, PocGH01_00169200.1-p1, PocGH01_00194900.1-p1, PocGH01_00198500.1-p1, PocGH01_00201600.1-p1, PocGH01_00203200.1-p1, PocGH01_00229900.1-p1, PocGH01_00236200.1-p1",,
OG0004786,PCYB_021010-t26_1-p1,,,,,"PocGH01_00019300.1-p1, PocGH01_00022150.1-p1, PocGH01_00031000.1-p1, PocGH01_00079200.1-p1, PocGH01_00120900.1-p1, PocGH01_00131850.1-p1, PocGH01_00167200.1-p1, PocGH01_00167500.1-p1, PocGH01_00206800.1-p1, PocGH01_00208600.1-p1, PocGH01_00213700.1-p1, PocGH01_00223800.1-p1, PocGH01_00225700.1-p1",,"PVX_106730-t26_1-p1, PVX_119215.1-p1, PVX_121350-t26_1-p1"
OG0004787,"PCYB_001510-t26_1-p1, PCYB_006710-t26_1-p1, PCYB_006790-t26_1-p1, PCYB_007650-t26_1-p1, PCYB_008280-t26_1-p1, PCYB_008320-t26_1-p1, PCYB_033020-t26_1-p1, PCYB_081070-t26_1-p1",,,,,"PocGH01_00122100.1-p1, PocGH01_00236500.1-p1",,"PVX_004510.1-p1, PVX_094260.1-p1, PVX_096004.1-p1, PVX_101615.1-p1, PVX_120330-t26_1-p1, PVX_121862.1-p1, PVX_124710.1-p1"
OG0005067,"PCYB_001500-t26_1-p1, PCYB_002850-t26_1-p1, PCYB_004200-t26_1-p1, PCYB_006270-t26_1-p1, PCYB_006580-t26_1-p1, PCYB_052950-t26_1-p1, PCYB_052960-t26_1-p1",,,,,,,"PVX_004515.1-p1, PVX_089790.1-p1, PVX_089795.1-p1, PVX_089800.1-p1, PVX_089805.1-p1, PVX_089810.1-p1, PVX_089863.1-p1, PVX_121865.1-p1"
OG0005068,,"PF3D7_0101200.1-p1, PF3D7_0114200.1-p1, PF3D7_0221600.1-p1, PF3D7_0222200.1-p1, PF3D7_0324200.1-p1, PF3D7_0601100.1-p1, PF3D7_0631500.1-p1, PF3D7_0701500.1-p1, PF3D7_1039800.1-p1, PF3D7_1101600.1-p1","PGSY75_0030200-t31_1-p1, PGSY75_0030500-t31_1-p1, PGSY75_0114200-t31_1-p1",,,,"PRCDC_0008400.1-p1, PRCDC_0112400.1-p1",
OG0005069,,"PF3D7_0101400.1-p1, PF3D7_0114000.1-p1, PF3D7_0222000.1-p1, PF3D7_0324000.1-p1, PF3D7_0601300.1-p1, PF3D7_0631300.1-p1, PF3D7_0700900.1-p1, PF3D7_0701700.1-p1, PF3D7_0713200.1-p1, PF3D7_1039600.1-p1, PF3D7_1100900.1-p1, PF3D7_1101800.1-p1",,,,,"PRCDC_0112200.1-p1, PRCDC_0323300.1-p1, PRCDC_0728800.1-p1",
OG0005426,,"PF3D7_0402100.1-p1, PF3D7_0702100.1-p1, PF3D7_1252700.1-p1, PF3D7_1401600.1-p1","PGSY75_0022500-t31_1-p1, PGSY75_0402100-t31_1-p1, PGSY75_0702100-t31_1-p1, PGSY75_1252700-t31_1-p1",,,,"PRCDC_0000700.1-p1, PRCDC_0005200.1-p1, PRCDC_0700300.1-p1, PRCDC_1252100.1-p1, PRCDC_1400900.1-p1",
OG0005656,"PCYB_001570-t26_1-p1, PCYB_002050-t26_1-p1, PCYB_002780-t26_1-p1, PCYB_003520-t26_1-p1, PCYB_004180-t26_1-p1, PCYB_004250-t26_1-p1, PCYB_004640-t26_1-p1, PCYB_007990-t26_1-p1, PCYB_008030-t26_1-p1, PCYB_008090-t26_1-p1, PCYB_104280-t26_1-p1",,,,,PocGH01_00139900.1-p1,,
OG0005658,,"PF3D7_0101100.1-p1, PF3D7_0114300.1-p1, PF3D7_0222300.1-p1, PF3D7_0324300.1-p1, PF3D7_0601000.1-p1, PF3D7_0631600.1-p1, PF3D7_0701400.1-p1, PF3D7_1039900.1-p1, PF3D7_1101500.1-p1",PGSY75_0030400-t31_1-p1,,,,"PRCDC_0008500.1-p1, PRCDC_0112500.1-p1",
OG0005910,"PCYB_002260-t26_1-p1, PCYB_002890-t26_1-p1, PCYB_006560-t26_1-p1, PCYB_006640-t26_1-p1, PCYB_053830-t26_1-p1",,,,,,,"PVX_001645.1-p1, PVX_002490.1-p1, PVX_005055.1-p1, PVX_090310.1-p1, PVX_096003.1-p1, PVX_104180-t26_1-p1"
OG0005911,"PCYB_004460-t26_1-p1, PCYB_004670-t26_1-p1, PCYB_004890-t26_1-p1, PCYB_004920-t26_1-p1, PCYB_005320-t26_1-p1, PCYB_005360-t26_1-p1, PCYB_005450-t26_1-p1, PCYB_005480-t26_1-p1, PCYB_006180-t26_1-p1, PCYB_006190-t26_1-p1, PCYB_006450-t26_1-p1",,,,,,,
OG0005912,,"PF3D7_0401600.1-p1, PF3D7_0401600.2-p1, PF3D7_1253600.1-p1","PGSY75_0033000-t31_1-p1, PGSY75_0035400-t31_1-p1, PGSY75_0035500-t31_1-p1, PGSY75_0035600-t31_1-p1, PGSY75_0035700-t31_1-p1",,,,"PRCDC_0004700.1-p1, PRCDC_0046400.1-p1, PRCDC_1038200.1-p1",
OG0005914,,,,"PKNH_0113600.1-p1, PKNH_0214300.1-p1, PKNH_0313500.1-p1, PKNH_0726000.1-p1, PKNH_0807800.1-p1, PKNH_1014100.1-p1, PKNH_1138800.1-p1, PKNH_1312300.1-p1, PKNH_1326500.1-p1, PKNH_1330300.1-p1, PKNH_1460900.1-p1",,,,
OG0006165,"PCYB_003650-t26_1-p1, PCYB_003760-t26_1-p1, PCYB_004060-t26_1-p1, PCYB_004520-t26_1-p1, PCYB_004650-t26_1-p1, PCYB_005130-t26_1-p1, PCYB_007360-t26_1-p1",,,,,,,"PVX_013625-t26_1-p1, PVX_060690-t26_1-p1, PVX_124708.1-p1"
OG0006166,,"PF3D7_0401700.1-p1, PF3D7_0425000.1-p1, PF3D7_1478400.1-p1","PGSY75_0002800-t31_1-p1, PGSY75_0003000-t31_1-p1, PGSY75_0034700-t31_1-p1, PGSY75_0034800-t31_1-p1, PGSY75_1478400-t31_1-p1",,,,"PRCDC_0004800.1-p1, PRCDC_1477400.1-p1",
OG0006402,"PCYB_002950-t26_1-p1, PCYB_003200-t26_1-p1, PCYB_003710-t26_1-p1, PCYB_004370-t26_1-p1, PCYB_004440-t26_1-p1, PCYB_007220-t26_1-p1, PCYB_007770-t26_1-p1, PCYB_008220-t26_1-p1",,,,,,,PVX_048690-t26_1-p1
OG0006403,"PCYB_003050-t26_1-p1, PCYB_003550-t26_1-p1, PCYB_004260-t26_1-p1, PCYB_004900-t26_1-p1, PCYB_005460-t26_1-p1, PCYB_005490-t26_1-p1, PCYB_005800-t26_1-p1, PCYB_007030-t26_1-p1, PCYB_008250-t26_1-p1",,,,,,,
OG0006405,,PF3D7_0201400.1-p1,"PGSY75_0030600-t31_1-p1, PGSY75_0030700-t31_1-p1",,,,"PRCDC_0006100.1-p1, PRCDC_0056300.1-p1, PRCDC_0058000.1-p1, PRCDC_0200500.1-p1, PRCDC_1000200.1-p1, PRCDC_1038300.1-p1",
OG0006407,,"PF3D7_1016300.1-p1, PF3D7_1301200.1-p1, PF3D7_1401000.1-p1","PGSY75_0011100A-t31_1-p1, PGSY75_0029600-t31_1-p1, PGSY75_1016300-t31_1-p1",,,,"PRCDC_0035000.1-p1, PRCDC_1015700.1-p1, PRCDC_1300100.1-p1",
OG0006408,,"PF3D7_1035400.1-p1, PF3D7_1035500.1-p1, PF3D7_1035600.1-p1","PGSY75_0012000A-t31_1-p1, PGSY75_0012000B-t31_1-p1, PGSY75_0012300-t31_1-p1",,,,"PRCDC_1034700.1-p1, PRCDC_1034800.1-p1, PRCDC_1034900.1-p1",
OG0006753,"PCYB_001960-t26_1-p1, PCYB_002620-t26_1-p1, PCYB_003090-t26_1-p1, PCYB_003100-t26_1-p1, PCYB_004080-t26_1-p1, PCYB_004150-t26_1-p1",,,,,PocGH01_00160000.1-p1,,PVX_001630.1-p1
OG0006754,,PF3D7_0424800.1-p1,"PGSY75_0027700-t31_1-p1, PGSY75_0029100-t31_1-p1, PGSY75_0424800-t31_1-p1",,,,"PRCDC_0013500.1-p1, PRCDC_0058400.1-p1, PRCDC_0060800.1-p1, PRCDC_0422000.1-p1",
OG0006758,,,,,,,,"PVX_025690-t26_1-p1, PVX_033190-t26_1-p1, PVX_058690-t26_1-p1, PVX_062190-t26_1-p1, PVX_075195-t26_1-p1, PVX_103680-t26_1-p1, PVX_164265-t26_1-p1, PVX_180275-t26_1-p1"
OG0007286,"PCYB_001300-t26_1-p1, PCYB_001450-t26_1-p1, PCYB_002830-t26_1-p1, PCYB_104250-t26_1-p1",,,,,PocGH01_00156900.1-p1,,"PVX_097530.1-p1, PVX_097555.1-p1"
OG0007287,"PCYB_001380-t26_1-p1, PCYB_004190-t26_1-p1",,,,,"PocGH01_00013400.1-p1, PocGH01_00042300.1-p1, PocGH01_00208300.1-p1",,"PVX_005040.1-p1, PVX_096007.1-p1"
OG0007288,,"PF3D7_0114800.1-p1, PF3D7_0800800.1-p1, PF3D7_0800900.1-p1",PGSY75_0006100-t31_1-p1,,,,"PRCDC_0014400.1-p1, PRCDC_0800400.1-p1, PRCDC_0800500.1-p1",
OG0007289,,"PF3D7_0220900.1-p1, PF3D7_0425100.1-p1, PF3D7_1253200.1-p1","PGSY75_0030000-t31_1-p1, PGSY75_0425100-t31_1-p1",,,,"PRCDC_0532400.1-p1, PRCDC_1252800.1-p1",
OG0007291,,"PF3D7_0601500.1-p1, PF3D7_0631100.1-p1",PGSY75_0631100.mRNA-p1,,,,"PRCDC_0019000.1-p1, PRCDC_0323500.1-p1, PRCDC_0600100.1-p1, PRCDC_0629500.1-p1",
OG0007293,,"PF3D7_1253000.1-p1, PF3D7_1401100.1-p1","PGSY75_0017200-t31_1-p1, PGSY75_0114000-t31_1-p1, PGSY75_1401100-t31_1-p1",,,,"PRCDC_1252600.1-p1, PRCDC_1400400.1-p1",
OG0007297,,,,,,"PocGH01_00011400.1-p1, PocGH01_00020900.1-p1, PocGH01_00023600.1-p1, PocGH01_00064800.1-p1, PocGH01_00172700.1-p1, PocGH01_00237000.1-p1",,PVX_104185-t26_1-p1
OG0007906,"PCYB_003110-t26_1-p1, PCYB_007120-t26_1-p1, PCYB_021040-t26_1-p1",,,,,,,"PVX_096920.1-p1, PVX_106725-t26_1-p1, PVX_124720.1-p1"
OG0007907,"PCYB_003340-t26_1-p1, PCYB_004140-t26_1-p1, PCYB_031010-t26_1-p1",,,,,,,"PVX_004537.1-p1, PVX_110295.1-p1, PVX_115490.1-p1"
OG0007912,PCYB_147790-t26_1-p1,,PGSY75_0021800-t31_1-p1,,,"PocGH01_00022200.1-p1, PocGH01_00032800.1-p1, PocGH01_00174900.1-p1",,PVX_101575.1-p1
OG0007913,"PCYB_001320-t26_1-p1, PCYB_003630-t26_1-p1",,,,,"PocGH01_00013000.1-p1, PocGH01_00096600.1-p1, PocGH01_00229000.1-p1, PocGH01_00235800.1-p1",,
OG0007914,"PCYB_001760-t26_1-p1, PCYB_004970-t26_1-p1",,,,,"PocGH01_00052650.1-p1, PocGH01_00124700.1-p1, PocGH01_08046400.1-p1",,PVX_104190-t26_1-p1
OG0007915,"PCYB_001860-t26_1-p1, PCYB_004020-t26_1-p1",,,,,,,"PVX_022185-t26_1-p1, PVX_107735-t26_1-p1, PVX_107740-t26_1-p1, PVX_107745-t26_1-p1"
OG0007917,"PCYB_004960-t26_1-p1, PCYB_005060-t26_1-p1, PCYB_005890-t26_1-p1, PCYB_007420-t26_1-p1, PCYB_008150-t26_1-p1",,,,,,,PVX_145260-t26_1-p1
OG0007918,PCYB_007350-t26_1-p1,,,,,PocGH01_00155000.1-p1,,"PVX_011615-t26_1-p1, PVX_051190-t26_1-p1, PVX_069690-t26_1-p1, PVX_173270-t26_1-p1"
OG0007919,,"PF3D7_0201600.1-p1, PF3D7_1477500.1-p1","PGSY75_0026100-t31_1-p1, PGSY75_0201600-t31_1-p1",,,,"PRCDC_0200700.1-p1, PRCDC_1476500.1-p1",
OG0007920,,"PF3D7_0424000.1-p1, PF3D7_1001800.1-p1","PGSY75_0424000-t31_1-p1, PGSY75_1001800-t31_1-p1",,,,"PRCDC_0421200.1-p1, PRCDC_1001200.1-p1",
OG0007921,,"PF3D7_0730800.1-p1, PF3D7_0730800.2-p1","PGSY75_0730800-t31_1-p1, PGSY75_0730800-t31_2-p1",,,,"PRCDC_0727600.1-p1, PRCDC_0727600.2-p1",
OG0007922,,"PF3D7_0936600.1-p1, PF3D7_1201200.1-p1","PGSY75_0936600-t31_1-p1, PGSY75_1201200-t31_1-p1",,,,"PRCDC_0934700.1-p1, PRCDC_1200600.1-p1",
OG0007923,,"PF3D7_1477000.1-p1, PF3D7_1478600.1-p1",PGSY75_1478600-t31_1-p1,,,,"PRCDC_0000900.1-p1, PRCDC_1476000.1-p1, PRCDC_1477600.1-p1",
OG0007925,,,,,,PocGH01_00099300.1-p1,,"PVX_112670-t26_1-p1, PVX_112675-t26_1-p1, PVX_112680-t26_1-p1, PVX_112685-t26_1-p1, PVX_112690-t26_1-p1"
OG0009122,"PCYB_005580-t26_1-p1, PCYB_006540-t26_1-p1, PCYB_006890-t26_1-p1, PCYB_074350-t26_1-p1",,,,,,,PVX_086905.1-p1
OG0009124,"PCYB_002990-t26_1-p1, PCYB_003260-t26_1-p1, PCYB_003360-t26_1-p1, PCYB_006530-t26_1-p1, PCYB_125970-t26_1-p1",,,,,,,
OG0009127,"PCYB_004540-t26_1-p1, PCYB_004790-t26_1-p1, PCYB_006470-t26_1-p1, PCYB_006880-t26_1-p1",,,,,,,PVX_105205.1-p1
OG0009129,,"PF3D7_0115100.1-p1, PF3D7_0800600.1-p1",PGSY75_0033900-t31_1-p1,,,,"PRCDC_0037100.1-p1, PRCDC_0800100.1-p1",
OG0009130,,"PF3D7_0220700.1-p1, PF3D7_0731700.1-p1",PGSY75_0220700.mRNA-p1,,,,"PRCDC_0219600.1-p1, PRCDC_0728500.1-p1",
OG0009131,,"PF3D7_0221000.1-p1, PF3D7_0425200.1-p1",PGSY75_0030100-t31_1-p1,,,,"PRCDC_0054000.1-p1, PRCDC_1252900.1-p1",
OG0009132,,"PF3D7_0221200.1-p1, PF3D7_1478300.1-p1",PGSY75_0030800-t31_1-p1,,,,"PRCDC_0219900.1-p1, PRCDC_1477300.1-p1",
OG0009133,,"PF3D7_0831750.1-p1, PF3D7_1372000.1-p1",PGSY75_0022300-t31_1-p1,,,,"PRCDC_0831000.1-p1, PRCDC_1369900.1-p1",
OG0009134,,"PF3D7_0831800.1-p1, PF3D7_1372200.1-p1",PGSY75_0029800-t31_1-p1,,,,"PRCDC_0831100.1-p1, PRCDC_1370100.1-p1",
OG0009137,,"PF3D7_1035700.1-p1, PF3D7_1036300.1-p1",PGSY75_0012100-t31_1-p1,,,,"PRCDC_1035000.1-p1, PRCDC_1035400.1-p1",
OG0009139,,PF3D7_1207800.1-p1,PGSY75_1207800-t31_1-p1,,PmUG01_13017700.1-p1,PocGH01_13017700.1-p1,PRCDC_1207100.1-p1,
OG0009143,,,"PGSY75_0039100-t31_1-p1, PGSY75_0039500-t31_1-p1, PGSY75_0042000-t31_1-p1, PGSY75_0042700-t31_1-p1, PGSY75_0046300.mRNA-p1",,,,,
OG0009149,,,,"PKNH_0210400.1-p1, PKNH_0503300.1-p1, PKNH_0816100.1-p1, PKNH_1444400.1-p1, PKNH_1469700.1-p1",,,,
OG0009150,,,,"PKNH_1000600.1-p1, PKNH_1000900.1-p1, PKNH_1357000.1-p1, PKNH_1400400.1-p1, PKNH_1473100.1-p1",,,,
OG0010075,"PCYB_032970-t26_1-p1, PCYB_101020-t26_1-p1",,,,,PocGH01_00062500.1-p1,,PVX_096050.1-p1
OG0010076,"PCYB_032980-t26_1-p1, PCYB_101010-t26_1-p1",,,,,,,"PVX_096030.1-p1, PVX_096035.1-p1"
OG0010081,PCYB_001580-t26_1-p1,,,,,,,"PVX_015640-t26_1-p1, PVX_107230-t26_1-p1, PVX_121855.1-p1"
OG0010082,"PCYB_002540-t26_1-p1, PCYB_003160-t26_1-p1, PCYB_003400-t26_1-p1",,,,,,,PVX_093730.1-p1
OG0010084,"PCYB_003310-t26_1-p1, PCYB_005610-t26_1-p1",,,,,,,"PVX_060190-t26_1-p1, PVX_070190-t26_1-p1"
OG0010086,,PF3D7_0113000.1-p1,"PGSY75_0000600A-t31_1-p1, PGSY75_0000600B-t31_1-p1",,,,PRCDC_0111200.1-p1,
OG0010087,,"PF3D7_0115150.1-p1, PF3D7_0702000.1-p1",PGSY75_0702000-t31_1-p1,,,,PRCDC_0011500.1-p1,
OG0010089,,PF3D7_0532400.1-p1,"PGSY75_0004700-t31_1-p1, PGSY75_0424600-t31_1-p1",,,,PRCDC_0531400.1-p1,
OG0010090,,PF3D7_0936500.1-p1,PGSY75_0936500-t31_1-p1,,PmUG01_07048200.1-p1,,PRCDC_0934600.1-p1,
OG0010091,,PF3D7_1036000.1-p1,"PGSY75_0012500A-t31_1-p1, PGSY75_0012500B-t31_1-p1",,,,PRCDC_1035300.1-p1,
OG0010092,,PF3D7_1101900.1-p1,PGSY75_0421600.mRNA-p1,,,,"PRCDC_0000500.1-p1, PRCDC_0058200.1-p1",
OG0010093,,PF3D7_1149400.1-p1,PGSY75_1149400-t31_1-p1,,,,"PRCDC_1147300.1-p1, PRCDC_1478000.1-p1",
OG0010094,,"PF3D7_1253300.1-p1, PF3D7_1372300.1-p1",PGSY75_1372300-t31_1-p1,,,,PRCDC_1370200.1-p1,
OG0010095,,"PF3D7_1253500.1-p1, PF3D7_1479100.1-p1","PGSY75_0027400-t31_1-p1, PGSY75_0035300-t31_1-p1",,,,,
OG0010096,,PF3D7_1461800.1-p1,PGSY75_1461800-t31_1-p1,,,,"PRCDC_0057600.1-p1, PRCDC_1461100.1-p1",
OG0010097,,PF3D7_1477100.1-p1,PGSY75_0027500-t31_1-p1,,,,"PRCDC_1038400.1-p1, PRCDC_1476100.1-p1",
OG0011657,"PCYB_002680-t26_1-p1, PCYB_021070-t26_1-p1",,,,,,,PVX_096945.1-p1
OG0011659,PCYB_051050-t26_1-p1,,,,,PocGH01_00172400.1-p1,,PVX_088795.1-p1
OG0011662,PCYB_141070-t26_1-p1,,,,,PocGH01_00151600.1-p1,,PVX_121905.1-p1
OG0011664,"PCYB_001010-t26_1-p1, PCYB_002900-t26_1-p1",,,,,,,PVX_002485.1-p1
OG0011665,"PCYB_006600-t26_1-p1, PCYB_007170-t26_1-p1",,,,,,,PVX_044690-t26_1-p1
OG0011666,,PF3D7_0102300.1-p1,PGSY75_0102300-t31_1-p1,,,,PRCDC_0100200.1-p1,
OG0011667,,PF3D7_0106600.1-p1,PGSY75_0106600-t31_1-p1,,,,PRCDC_0104500.1-p1,
OG0011668,,PF3D7_0112900.1-p1,PGSY75_0000500-t31_1-p1,,,,PRCDC_0111100.1-p1,
OG0011669,,PF3D7_0113200.1-p1,PGSY75_0113200-t31_1-p1,,,,PRCDC_0111500.1-p1,
OG0011670,,PF3D7_0113800.1-p1,PGSY75_0113800-t31_1-p1,,,,PRCDC_0112000.1-p1,
OG0011671,,PF3D7_0113900.1-p1,PGSY75_0113900-t31_1-p1,,,,PRCDC_0112100.1-p1,
OG0011672,,PF3D7_0201500.1-p1,PGSY75_0201500-t31_1-p1,,,,PRCDC_0200600.1-p1,
OG0011673,,PF3D7_0201700.1-p1,PGSY75_0201700-t31_1-p1,,,,PRCDC_0200800.1-p1,
OG0011674,,PF3D7_0202200.1-p1,PGSY75_0202200-t31_1-p1,,,,PRCDC_0201300.1-p1,
OG0011675,,PF3D7_0206800.1-p1,PGSY75_0206800-t31_1-p1,,,,PRCDC_0205800.1-p1,
OG0011676,,PF3D7_0210100.2-p1,PGSY75_0210100-t31_2-p1,,,,PRCDC_0209000.2-p1,
OG0011677,,PF3D7_0220200.1-p1,PGSY75_0220200-t31_1-p1,,,,PRCDC_0219100.1-p1,
OG0011678,,PF3D7_0220300.1-p1,PGSY75_0220300-t31_1-p1,,,,PRCDC_0219200.1-p1,
OG0011679,,PF3D7_0220400.1-p1,PGSY75_0220400-t31_1-p1,,,,PRCDC_0219300.1-p1,
OG0011680,,PF3D7_0220600.1-p1,PGSY75_0220600-t31_1-p1,,,,PRCDC_0219500.1-p1,
OG0011681,,"PF3D7_0221650.1-p1, PF3D7_0832250.1-p1",PGSY75_0901700-t31_1-p1,,,,,
OG0011682,,PF3D7_0301100.1-p1,PGSY75_0301100-t31_1-p1,,,,PRCDC_0300200.1-p1,
OG0011683,,PF3D7_0301400.1-p1,PGSY75_0301400-t31_1-p1,,,,PRCDC_0300500.1-p1,
OG0011684,,PF3D7_0301500.1-p1,PGSY75_0301500-t31_1-p1,,,,PRCDC_0300600.1-p1,
OG0011685,,PF3D7_0312900.1-p1,PGSY75_0312900-t31_1-p1,,,,PRCDC_0312200.1-p1,
OG0011686,,PF3D7_0402300.1-p1,PGSY75_0402300-t31_1-p1,,,,PRCDC_0005400.1-p1,
OG0011687,,PF3D7_0402400.1-p1,PGSY75_0402400-t31_1-p1,,,,PRCDC_0005500.1-p1,
OG0011688,,PF3D7_0423400.1-p1,PGSY75_0423400-t31_1-p1,,,,PRCDC_0420600.1-p1,
OG0011689,,PF3D7_0423700.1-p1,PGSY75_0423700-t31_1-p1,,,,PRCDC_0420900.1-p1,
OG0011690,,PF3D7_0423900.1-p1,PGSY75_0423900-t31_2-p1,,,,PRCDC_0421100.1-p1,
OG0011691,,PF3D7_0424100.1-p1,PGSY75_0424100-t31_1-p1,,,,PRCDC_0421300.1-p1,
OG0011692,,PF3D7_0501000.1-p1,PGSY75_0501000-t31_1-p1,,,,PRCDC_0500300.1-p1,
OG0011693,,PF3D7_0532100.1-p1,PGSY75_0532100-t31_1-p1,,,,PRCDC_0531100.1-p1,
OG0011694,,PF3D7_0532300.1-p1,PGSY75_0532300-t31_1-p1,,,,PRCDC_0531300.1-p1,
OG0011695,,PF3D7_0532600.1-p1,PGSY75_0029300-t31_1-p1,,,,PRCDC_0531600.1-p1,
OG0011696,,PF3D7_0609600.1-p1,PGSY75_0609600-t31_1-p1,,,,PRCDC_0608300.1-p1,
OG0011697,,PF3D7_0702500.1-p1,PGSY75_0702500-t31_1-p1,,,,PRCDC_0700700.1-p1,
OG0011698,,PF3D7_0702600.1-p1,PGSY75_0702600-t31_1-p1,,,,PRCDC_0700800.1-p1,
OG0011699,,PF3D7_0726100.1-p1,PGSY75_0726100-t31_1-p1,,,,PRCDC_0722900.1-p1,
OG0011700,,PF3D7_0731100.1-p1,PGSY75_0731100-t31_1-p1,,,,PRCDC_0727900.1-p1,
OG0011701,,PF3D7_0731200.1-p1,PGSY75_0731200-t31_1-p1,,,,PRCDC_0728000.1-p1,
OG0011702,,PF3D7_0829500.1-p1,PGSY75_0829500-t31_1-p1,,,,PRCDC_0828800.1-p1,
OG0011703,,PF3D7_0830700.1-p1,PGSY75_0830700-t31_1-p1,,,,PRCDC_0830000.1-p1,
OG0011704,,PF3D7_0830900.1-p1,PGSY75_0830900-t31_1-p1,,,,PRCDC_0830200.1-p1,
OG0011705,,PF3D7_0831000.1-p1,PGSY75_0831000-t31_1-p1,,,,PRCDC_0830300.1-p1,
OG0011706,,PF3D7_0831400.1-p1,PGSY75_0831400-t31_1-p1,,,,PRCDC_0830700.1-p1,
OG0011707,,PF3D7_0901800.1-p1,"PGSY75_0030300-t31_1-p1, PGSY75_0901800-t31_1-p1",,,,,
OG0011708,,PF3D7_0901900.1-p1,PGSY75_0901900-t31_1-p1,,,,PRCDC_0900100.1-p1,
OG0011709,,PF3D7_0931300.1-p1,PGSY75_0931300-t31_1-p1,,,,PRCDC_0929300.1-p1,
OG0011710,,PF3D7_0936000.1-p1,PGSY75_0010300-t31_1-p1,,,,PRCDC_0934100.1-p1,
OG0011711,,PF3D7_0936900.1-p1,PGSY75_0936900-t31_1-p1,,,,PRCDC_0935000.1-p1,
OG0011712,,PF3D7_0937000.1-p1,PGSY75_0937000-t31_1-p1,,,,PRCDC_0935100.1-p1,
OG0011713,,PF3D7_0937100.1-p1,PGSY75_0937100-t31_1-p1,,,,PRCDC_0935200.1-p1,
OG0011714,,PF3D7_1002000.1-p1,PGSY75_1002000-t31_1-p1,,,,PRCDC_1001400.1-p1,
OG0011715,,PF3D7_1002100.1-p1,PGSY75_1002100-t31_1-p1,,,,PRCDC_1001500.1-p1,
OG0011716,,PF3D7_1002200.1-p1,PGSY75_1002200-t31_1-p1,,,,PRCDC_1001600.1-p1,
OG0011717,,PF3D7_1016500.1-p1,PGSY75_1016500-t31_1-p1,,,,PRCDC_1015900.1-p1,
OG0011718,,PF3D7_1016700.1-p1,PGSY75_1016700-t31_1-p1,,,,PRCDC_1016100.1-p1,
OG0011719,,PF3D7_1016900.1-p1,PGSY75_1016900-t31_1-p1,,,,PRCDC_1016300.1-p1,
OG0011720,,PF3D7_1018400.1-p1,PGSY75_1018400-t31_1-p1,,,,PRCDC_1017800.1-p1,
OG0011721,,PF3D7_1035100.1-p1,PGSY75_1035100.mRNA-p1,,,,PRCDC_1034400.1-p1,
OG0011722,,PF3D7_1036500.1-p1,PGSY75_1036500-t31_1-p1,,,,PRCDC_1035600.1-p1,
OG0011723,,PF3D7_1038500.1-p1,PGSY75_1038500-t31_1-p1,,,,PRCDC_1037600.1-p1,
OG0011724,,PF3D7_1038700.1-p1,PGSY75_1038700-t31_1-p1,,,,PRCDC_1037700.1-p1,
OG0011725,,"PF3D7_1039100.1-p1, PF3D7_1102200.1-p1",,,,,PRCDC_1100700.1-p1,
OG0011726,,"PF3D7_1039200.1-p1, PF3D7_1102100.1-p1",,,,,PRCDC_1100600.1-p1,
OG0011727,,PF3D7_1102500.1-p1,PGSY75_1102500-t31_1-p1,,,,PRCDC_1101000.1-p1,
OG0011728,,PF3D7_1102600.1-p1,PGSY75_1102600-t31_1-p1,,,,PRCDC_1101100.1-p1,
OG0011729,,PF3D7_1103000.1-p1,PGSY75_1103000-t31_1-p1,,,,PRCDC_1101500.1-p1,
OG0011730,,PF3D7_1115800.1-p1,PGSY75_1115800-t31_1-p1,,,,PRCDC_1114200.1-p1,
OG0011731,,PF3D7_1135200.1-p1,PGSY75_1135200.mRNA-p1,,,,PRCDC_1133600.1-p1,
OG0011732,,PF3D7_1141100.1-p1,PGSY75_1141100-t31_1-p1,,,,PRCDC_1139500.1-p1,
OG0011733,,PF3D7_1146300.1-p1,PGSY75_1146300-t31_1-p1,,,,PRCDC_1144700.1-p1,
OG0011734,,PF3D7_1148900.1-p1,PGSY75_0014800-t31_1-p1,,,,PRCDC_1146800.1-p1,
OG0011735,,PF3D7_1200900.1-p1,PGSY75_1200900-t31_1-p1,,,,PRCDC_1200300.1-p1,
OG0011736,,PF3D7_1201000.1-p1,PGSY75_1201000-t31_1-p1,,,,PRCDC_1200400.1-p1,
OG0011737,,PF3D7_1201100.1-p1,PGSY75_1201100-t31_1-p1,,,,PRCDC_1200500.1-p1,
OG0011738,,PF3D7_1201400.1-p1,PGSY75_1201400-t31_1-p1,,,,PRCDC_1200800.1-p1,
OG0011739,,PF3D7_1204900.1-p1,PGSY75_1204900-t31_1-p1,,,,PRCDC_1204200.1-p1,
OG0011740,,PF3D7_1252500.1-p1,PGSY75_1252500-t31_1-p1,,,,PRCDC_1251900.1-p1,
OG0011741,,PF3D7_1252800.1-p1,PGSY75_1252800-t31_1-p1,,,,PRCDC_1252200.1-p1,
OG0011742,,PF3D7_1252900.1-p1,PGSY75_0017100-t31_1-p1,,,,PRCDC_1252300.1-p1,
OG0011743,,PF3D7_1253100.1-p1,PGSY75_0017300-t31_1-p1,,,,PRCDC_1252700.1-p1,
OG0011744,,PF3D7_1301400.1-p1,PGSY75_1301400-t31_1-p1,,,,PRCDC_1300300.1-p1,
OG0011745,,PF3D7_1301500.1-p1,PGSY75_1301500-t31_1-p1,,,,PRCDC_1300400.1-p1,
OG0011746,,PF3D7_1301700.1-p1,PGSY75_1301700-t31_1-p1,,,,PRCDC_1300600.1-p1,
OG0011747,,PF3D7_1301900.1-p1,PGSY75_0017500-t31_1-p1,,,,PRCDC_1300900.1-p1,
OG0011748,,PF3D7_1302300.1-p1,PGSY75_1302300-t31_1-p1,,,,PRCDC_1301300.1-p1,
OG0011749,,PF3D7_1334500.1-p1,PGSY75_1334500-t31_1-p1,,,,PRCDC_1333500.1-p1,
OG0011750,,PF3D7_1334600.1-p1,PGSY75_0019100-t31_1-p1,,,,PRCDC_1333600.1-p1,
OG0011751,,PF3D7_1334700.1-p1,PGSY75_1334700-t31_1-p1,,,,PRCDC_1333700.1-p1,
OG0011752,,PF3D7_1344400.1-p1,PGSY75_1344400-t31_1-p1,,,,PRCDC_1343400.1-p1,
OG0011753,,PF3D7_1353100.1-p1,PGSY75_1353100-t31_1-p1,,,,PRCDC_1352100.1-p1,
OG0011754,,PF3D7_1353200.1-p1,PGSY75_1353200-t31_1-p1,,,,PRCDC_1352200.1-p1,
OG0011755,,PF3D7_1370300.1-p1,PGSY75_0022000-t31_1-p1,,,,PRCDC_1369200.1-p1,
OG0011756,,PF3D7_1371500.1-p1,PGSY75_0022100-t31_1-p1,,,,PRCDC_1369400.1-p1,
OG0011757,,PF3D7_1371800.1-p1,PGSY75_1371800-t31_1-p1,,,,PRCDC_1369700.1-p1,
OG0011758,,PF3D7_1371900.1-p1,PGSY75_1371900-t31_1-p1,,,,PRCDC_1369800.1-p1,
OG0011759,,PF3D7_1372100.1-p1,PGSY75_1372100-t31_1-p1,,,,PRCDC_1370000.1-p1,
OG0011760,,PF3D7_1401200.1-p1,PGSY75_1401200-t31_1-p1,,,,PRCDC_1400500.1-p1,
OG0011761,,PF3D7_1407600.1-p1,PGSY75_1407600-t31_1-p1,,,,PRCDC_1406900.1-p1,
OG0011762,,PF3D7_1408300.1-p1,PGSY75_1408300-t31_1-p1,,,,PRCDC_1407600.1-p1,
OG0011763,,PF3D7_1413600.1-p1,PGSY75_1413600-t31_1-p1,,,,PRCDC_1412900.1-p1,
OG0011764,,PF3D7_1436200.1-p1,PGSY75_1436200-t31_1-p1,,,,PRCDC_1435500.1-p1,
OG0011765,,PF3D7_1441100.1-p1,PGSY75_1441100-t31_1-p1,,,,PRCDC_1440400.1-p1,
OG0011766,,PF3D7_1460500.1-p1,PGSY75_1460500-t31_1-p1,,,,PRCDC_1459800.1-p1,
OG0011767,,PF3D7_1471700.1-p1,PGSY75_1471700-t31_1-p1,,,,PRCDC_1470900.1-p1,
OG0011768,,PF3D7_1474000.1-p1,PGSY75_1474000-t31_1-p1,,,,PRCDC_1473100.1-p1,
OG0011769,,PF3D7_1475800.1-p1,PGSY75_1475800-t31_1-p1,,,,PRCDC_1474900.1-p1,
OG0011770,,PF3D7_1476000.1-p1,PGSY75_1476000-t31_1-p1,,,,PRCDC_1475100.1-p1,
OG0011771,,PF3D7_1476200.1-p1,PGSY75_1476200-t31_1-p1,,,,PRCDC_0060600.1-p1,
OG0011772,,PF3D7_1476300.1-p1,PGSY75_1476300-t31_1-p1,,,,PRCDC_1475300.1-p1,
OG0011773,,PF3D7_1476600.1-p1,PGSY75_1476600-t31_1-p1,,,,PRCDC_1475600.1-p1,
OG0011774,,PF3D7_1476900.1-p1,PGSY75_0025600.mRNA-p1,,,,PRCDC_1475900.1-p1,
OG0011775,,PF3D7_1477200.1-p1,PGSY75_0025700-t31_1-p1,,,,PRCDC_1476200.1-p1,
OG0011776,,PF3D7_1477300.1-p1,PGSY75_0025900-t31_1-p1,,,,PRCDC_1476300.1-p1,
OG0011777,,PF3D7_1477400.1-p1,PGSY75_0026000-t31_1-p1,,,,PRCDC_1476400.1-p1,
OG0011778,,PF3D7_1477700.1-p1,PGSY75_1477700-t31_1-p1,,,,PRCDC_1476700.1-p1,
OG0011779,,PF3D7_1478100.1-p1,PGSY75_0026300-t31_1-p1,,,,PRCDC_1477100.1-p1,
OG0011780,,PF3D7_1478200.1-p1,PGSY75_0026600-t31_1-p1,,,,PRCDC_1477200.1-p1,
OG0011781,,PF3D7_1478800.1-p1,PGSY75_1478800-t31_1-p1,,,,PRCDC_1477800.1-p1,
OG0011793,,,,,,"PocGH01_00011600.1-p1, PocGH01_00017500.1-p1, PocGH01_00234500.1-p1",,
OG0011794,,,,,,"PocGH01_00124200.1-p1, PocGH01_00161800.1-p1, PocGH01_00161900.1-p1",,
OG0011795,,,,,,PocGH01_00207400.1-p1,,"PVX_004525.1-p1, PVX_095995.1-p1"
OG0015121,PCYB_012620-t26_1-p1,,,,,,,PVX_093700.1-p1
OG0015122,PCYB_031040-t26_1-p1,,,,,,,PVX_001110.1-p1
OG0015123,PCYB_041020-t26_1-p1,,,,,,,PVX_002512.1-p1
OG0015124,PCYB_051010-t26_1-p1,,,,,,,PVX_088775.1-p1
OG0015125,PCYB_052260-t26_1-p1,,,,,,,PVX_089450.1-p1
OG0015126,PCYB_061030-t26_1-p1,,,,,,,PVX_001655.1-p1
OG0015127,PCYB_074360-t26_1-p1,,,,,,,PVX_086903.1-p1
OG0015128,PCYB_081080-t26_1-p1,,,,,,,PVX_094275.1-p1
OG0015129,PCYB_104260-t26_1-p1,,,,,,,PVX_097550.1-p1
OG0015130,PCYB_122730-t26_1-p1,,,,,,,PVX_082710.1-p1
OG0015131,PCYB_126950-t26_1-p1,,,,,,,PVX_118215.1-p1
OG0015132,PCYB_147660-t26_1-p1,,,,,,,PVX_101500.1-p1
OG0015133,PCYB_147670-t26_1-p1,,,,,,,PVX_101505.1-p1
OG0015134,PCYB_147780-t26_1-p1,,,,,,,PVX_101560.1-p1
OG0015135,"PCYB_001030-t26_1-p1, PCYB_001260-t26_1-p1",,,,,,,
OG0015136,PCYB_001160-t26_1-p1,,,,,,,PVX_045190-t26_1-p1
OG0015137,PCYB_001420-t26_1-p1,,,,,,,PVX_005575-t26_1-p1
OG0015138,PCYB_001430-t26_1-p1,,,,,,,PVX_005570-t26_1-p1
OG0015139,PCYB_001810-t26_1-p1,,,,,,,PVX_112125-t26_1-p1
OG0015140,PCYB_004990-t26_1-p1,,,,,,,PVX_044190-t26_1-p1
OG0015141,"PCYB_005260-t26_1-p1, PCYB_005760-t26_1-p1",,,,,,,
OG0015142,PCYB_006090-t26_1-p1,,,,,,,PVX_093735.1-p1
OG0015143,PCYB_006520-t26_1-p1,,,,,,,PVX_102645-t26_1-p1
OG0015144,,PF3D7_0100700.1-p1,,,,,PRCDC_0035800.1-p1,
OG0015145,,PF3D7_0114400.1-p1,,,,,PRCDC_0112600.1-p1,
OG0015146,,PF3D7_0114500.1-p1,,,,,PRCDC_0112700.1-p1,
OG0015147,,PF3D7_0114600.1-p1,,,,,PRCDC_0058900.1-p1,
OG0015148,,PF3D7_0114900.1-p1,,,,,PRCDC_0800300.1-p1,
OG0015149,,PF3D7_0221100.1-p1,,,,,PRCDC_0219800.1-p1,
OG0015150,,PF3D7_0221800.1-p1,,,,,PRCDC_0220100.1-p1,
OG0015151,,PF3D7_0402900.1-p1,,,,,PRCDC_0400500.1-p1,
OG0015152,,PF3D7_0424200.1-p1,,,,,PRCDC_0421400.1-p1,
OG0015153,,PF3D7_0500700.1-p1,,,,,PRCDC_0007600.1-p1,
OG0015154,,PF3D7_0532500.1-p1,,,,,PRCDC_0531500.1-p1,
OG0015155,,PF3D7_0731300.1-p1,,,,,PRCDC_0728100.1-p1,
OG0015156,,PF3D7_0831500.1-p1,PGSY75_0831500-t31_1-p1,,,,,
OG0015157,,PF3D7_0902700.1-p1,PGSY75_0902700-t31_1-p1,,,,,
OG0015158,,PF3D7_0917400.1-p1,,,,,PRCDC_0915400.1-p1,
OG0015159,,PF3D7_1001000.1-p1,,,,,PRCDC_1000400.1-p1,
OG0015160,,PF3D7_1008300.1-p1,,,,,PRCDC_1007700.1-p1,
OG0015161,,PF3D7_1038600.1-p1,PGSY75_1038600-t31_1-p1,,,,,
OG0015162,,PF3D7_1102300.1-p1,,,,,PRCDC_1100800.1-p1,
OG0015163,,PF3D7_1219200.1-p1,,,,,PRCDC_1218500.1-p1,
OG0015164,,PF3D7_1240200.1-p1,,,,,PRCDC_1239400.1-p1,
OG0015165,,PF3D7_1312450.1-p1,,,,,PRCDC_1311450.1-p1,
OG0015166,,PF3D7_1334900.1-p1,,,,,PRCDC_1333900.1-p1,
OG0015167,,PF3D7_1335200.1-p1,,,,,PRCDC_1334300.1-p1,
OG0015168,,PF3D7_1409500.1-p1,,,,,PRCDC_1408800.1-p1,
OG0015169,,PF3D7_1412900.2-p1,,,,,PRCDC_1412200.2-p1,
OG0015170,,PF3D7_1413300.1-p1,,,,,PRCDC_1412600.1-p1,
OG0015171,,PF3D7_1471800.1-p1,,,,,PRCDC_1471000.1-p1,
OG0015172,,PF3D7_1478000.1-p1,,,,,PRCDC_1477000.1-p1,
OG0015173,,PF3D7_1478700.1-p1,,,,,PRCDC_1477700.1-p1,
OG0015179,,,PGSY75_0003100-t31_1-p1,,,,PRCDC_1038500.1-p1,
OG0015248,,,,"PKNH_0321200.1-p1, PKNH_1314400.1-p1",,,,
OG0015249,,,,PKNH_0602600.1-p1,,,,PVX_001782.1-p1
OG0015250,,,,,PmUG01_02017100.1-p1,PocGH01_02015400.1-p1,,
OG0015251,,,,,PmUG01_03032200.1-p1,PocGH01_00226500.1-p1,,
OG0015252,,,,,PmUG01_12080700.1-p1,PocGH01_12078500.1-p1,,
OG0015253,,,,,PmUG01_14016000.1-p1,PocGH01_00151500.1-p1,,
OG0015254,,,,,PmUG01_00058450.1-p1,PocGH01_00203600.1-p1,,
OG0015255,,,,,,PocGH01_00152000.1-p1,,PVX_121895.1-p1
OG0015256,,,,,,PocGH01_00157200.1-p1,,PVX_108775-t26_1-p1
OG0015257,,,,,,PocGH01_00187700.1-p1,,PVX_057190-t26_1-p1